Student_ID,Name,Math,Science,English,Hours_Studied,Attendance
S0001,Simran,75,84,54,8,91
S0002,Aman,67,64,59,5,89
S0003,Nisha,64,68,48,6,88
S0004,Kunal,78,77,67,8,88
S0005,Aman,55,62,43,4,89
S0006,Karan,70,63,41,6,75
S0007,Karan,66,58,54,6,99
S0008,Pooja,79,68,64,8,78
S0009,Deepak,46,43,40,3,77
S0010,Gaurav,49,46,43,4,60
S0011,Pooja,78,73,65,8,73
S0012,Priya,44,52,41,4,61
S0013,Simran,49,42,40,4,87
S0014,Arjun,69,68,44,6,89
S0015,Nisha,58,53,44,5,97
S0016,Rahul,40,50,40,4,63
S0017,Vikram,69,62,53,7,60
S0018,Divya,66,61,40,6,67
S0019,Simran,40,43,40,3,88
S0020,Kiran,59,71,50,5,98
S0021,Rahul,70,69,48,7,62
S0022,Vikas,86,77,66,7,91
S0023,Amit,41,41,40,3,69
S0024,Kunal,52,57,51,5,69
S0025,Pooja,64,59,47,6,78
S0026,Gaurav,48,49,40,2,93
S0027,Jyoti,59,72,59,5,92
S0028,Pooja,41,53,44,3,82
S0029,Divya,72,68,49,7,87
S0030,Anjali,64,70,50,6,91
S0031,Kavita,55,45,40,5,66
S0032,Karan,48,46,40,2,88
S0033,Gaurav,40,40,40,2,67
S0034,Deepak,44,40,40,4,60
S0035,Neha,45,40,40,4,62
S0036,Shikha,73,75,46,8,83
S0037,Riya,50,44,45,3,82
S0038,Kunal,54,46,40,5,67
S0039,Sanjay,62,65,49,5,96
S0040,Kunal,90,71,53,8,62
S0041,Rahul,78,73,66,7,92
S0042,Meera,71,67,40,7,87
S0043,Jyoti,73,77,56,8,67
S0044,Rahul,82,84,57,7,93
S0045,Aman,56,53,40,4,94
S0046,Priya,55,58,59,5,91
S0047,Divya,85,79,54,8,83
S0048,Kavita,53,53,48,5,73
S0049,Sanjay,50,43,40,2,91
S0050,Riya,55,54,47,4,75
S0051,Priya,58,46,41,6,63
S0052,Neha,63,65,40,4,96
S0053,Kavita,80,76,67,8,80
S0054,Gaurav,68,59,51,6,73
S0055,Rohan,43,42,40,2,90
S0056,Suresh,74,74,55,8,77
S0057,Gaurav,40,40,40,3,66
S0058,Rahul,60,63,48,5,69
S0059,Rohan,40,40,40,2,66
S0060,Jyoti,60,64,40,5,92
S0061,Priya,68,76,59,7,82
S0062,Divya,47,40,40,3,80
S0063,Simran,54,48,40,3,78
S0064,Rohan,40,40,40,2,78
S0065,Priya,49,56,44,3,95
S0066,Vikas,75,54,52,6,88
S0067,Shikha,43,44,40,3,77
S0068,Riya,55,47,49,5,61
S0069,Kavita,47,53,44,5,60
S0070,Neha,77,73,67,8,64
S0071,Amit,57,53,40,5,79
S0072,Amit,81,68,57,8,70
S0073,Shikha,59,50,40,5,61
S0074,Deepak,73,52,43,6,62
S0075,Rahul,83,81,58,8,82
S0076,Jyoti,50,46,42,4,71
S0077,Priya,73,52,55,7,79
S0078,Pooja,40,40,40,2,64
S0079,Swati,65,57,53,5,96
S0080,Kavita,48,42,54,3,97
S0081,Sneha,62,53,45,5,89
S0082,Karan,47,42,40,3,68
S0083,Swati,71,82,59,7,93
S0084,Shikha,82,76,52,7,94
S0085,Swati,79,66,65,7,81
S0086,Rahul,45,49,40,3,83
S0087,Meera,47,53,40,5,76
S0088,Vikas,66,61,48,7,69
S0089,Riya,75,60,57,6,89
S0090,Nikhil,80,66,59,8,82
S0091,Nisha,43,47,40,3,91
S0092,Sneha,41,45,45,3,76
S0093,Sanjay,62,56,40,5,76
S0094,Riya,45,41,40,3,73
S0095,Anjali,40,40,40,3,68
S0096,Aman,76,80,48,7,99
S0097,Simran,51,43,43,5,61
S0098,Nikhil,69,76,48,7,84
S0099,Sneha,93,76,70,8,98
S0100,Vikas,74,67,50,8,68
S0101,Simran,79,61,60,7,81
S0102,Vikas,82,67,63,8,63
S0103,Jyoti,65,65,52,5,85
S0104,Neha,40,45,40,2,88
S0105,Aman,78,80,56,7,93
S0106,Anjali,66,67,46,6,82
S0107,Sanjay,66,62,64,6,96
S0108,Pooja,43,40,40,3,70
S0109,Divya,69,66,48,8,65
S0110,Nikhil,71,70,53,6,77
S0111,Sanjay,42,40,40,3,80
S0112,Meera,43,50,40,2,95
S0113,Neha,65,69,40,5,97
S0114,Meera,61,73,44,5,93
S0115,Nisha,60,54,43,5,76
S0116,Kavita,68,73,55,6,96
S0117,Vikram,43,55,40,2,84
S0118,Kavita,64,66,57,6,97
S0119,Priya,77,63,56,8,71
S0120,Kunal,76,53,49,6,82
S0121,Gaurav,40,44,40,2,81
S0122,Rohan,40,40,40,2,80
S0123,Jyoti,84,75,62,8,86
S0124,Sanjay,41,46,40,2,90
S0125,Nikhil,40,40,40,2,65
S0126,Arjun,63,62,40,5,86
S0127,Suresh,88,83,69,8,99
S0128,Meera,61,64,47,4,93
S0129,Divya,51,43,41,4,71
S0130,Gaurav,40,40,40,2,66
S0131,Rahul,52,43,47,4,69
S0132,Nikhil,60,55,40,4,76
S0133,Kunal,40,47,40,2,85
S0134,Vikram,47,54,40,4,80
S0135,Gaurav,73,73,47,6,87
S0136,Kiran,40,40,40,3,61
S0137,Divya,63,79,57,8,60
S0138,Sanjay,53,60,41,3,95
S0139,Divya,40,46,40,2,85
S0140,Aman,60,71,46,5,88
S0141,Sanjay,81,66,76,8,80
S0142,Kavita,40,40,40,2,70
S0143,Karan,68,60,54,5,99
S0144,Shikha,40,46,40,3,70
S0145,Raj,45,40,40,2,95
S0146,Gaurav,84,86,68,8,98
S0147,Anjali,89,90,64,8,99
S0148,Rahul,80,79,56,7,94
S0149,Karan,65,70,52,6,93
S0150,Arjun,58,47,40,4,83
S0151,Pooja,56,53,46,5,81
S0152,Raj,72,71,47,7,64
S0153,Kunal,57,60,54,4,92
S0154,Kunal,65,57,43,4,95
S0155,Anjali,40,40,40,2,79
S0156,Riya,49,40,40,4,78
S0157,Neha,70,62,46,6,94
S0158,Priya,77,86,62,8,76
S0159,Simran,80,66,60,7,93
S0160,Nikhil,40,48,43,4,68
S0161,Sneha,40,47,40,2,85
S0162,Jyoti,54,49,45,6,61
S0163,Vikram,46,42,40,3,68
S0164,Priya,84,77,61,8,68
S0165,Arjun,85,82,68,8,99
S0166,Pooja,70,85,57,7,76
S0167,Gaurav,74,58,55,8,60
S0168,Rahul,59,59,43,4,84
S0169,Pooja,40,45,45,2,99
S0170,Divya,82,82,59,8,84
S0171,Kunal,90,84,65,8,98
S0172,Sanjay,51,46,40,3,94
S0173,Amit,40,41,40,3,62
S0174,Aman,68,52,49,5,96
S0175,Deepak,55,70,59,6,89
S0176,Rahul,60,59,42,4,97
S0177,Sanjay,80,84,61,8,93
S0178,Jyoti,68,79,54,8,71
S0179,Aman,40,41,40,2,78
S0180,Simran,70,64,51,5,96
S0181,Anjali,64,57,40,6,76
S0182,Raj,60,49,51,5,69
S0183,Deepak,78,73,48,7,71
S0184,Nisha,71,70,53,6,75
S0185,Vikas,89,75,51,8,83
S0186,Raj,83,75,64,8,78
S0187,Jyoti,62,54,51,6,67
S0188,Neha,74,86,65,8,90
S0189,Neha,50,55,40,4,80
S0190,Gaurav,60,74,50,6,76
S0191,Nikhil,70,53,40,5,82
S0192,Sneha,69,67,52,6,96
S0193,Gaurav,79,75,65,8,75
S0194,Kiran,50,50,41,4,65
S0195,Aman,48,46,40,4,67
S0196,Kavita,82,66,49,7,84
S0197,Swati,54,62,48,5,77
S0198,Karan,47,51,40,3,84
S0199,Vikas,40,40,40,3,71
S0200,Anjali,57,70,53,6,74
S0201,Kunal,71,78,56,7,85
S0202,Vikram,40,42,40,2,85
S0203,Sneha,67,68,45,6,91
S0204,Karan,66,69,40,7,69
S0205,Karan,50,51,45,5,75
S0206,Jyoti,54,53,43,5,66
S0207,Jyoti,50,43,40,5,76
S0208,Kiran,63,63,40,5,82
S0209,Meera,60,50,65,5,85
S0210,Sneha,65,79,52,7,80
S0211,Deepak,71,68,60,7,81
S0212,Raj,44,45,40,4,66
S0213,Shikha,44,40,40,3,73
S0214,Nikhil,84,72,57,8,74
S0215,Arjun,45,61,40,5,66
S0216,Suresh,40,40,40,2,68
S0217,Rahul,75,79,55,8,67
S0218,Jyoti,76,72,57,7,82
S0219,Meera,41,40,40,2,88
S0220,Aman,40,40,40,2,77
S0221,Nikhil,40,53,40,2,90
S0222,Swati,50,49,40,4,89
S0223,Karan,83,69,45,7,98
S0224,Deepak,42,51,40,2,94
S0225,Jyoti,67,58,47,5,77
S0226,Riya,71,64,54,6,98
S0227,Aman,40,40,40,2,76
S0228,Arjun,42,43,40,4,73
S0229,Sanjay,73,86,60,8,90
S0230,Rohan,65,77,44,7,83
S0231,Rohan,57,60,40,4,94
S0232,Meera,44,46,40,2,93
S0233,Suresh,59,74,60,7,62
S0234,Riya,75,69,51,6,96
S0235,Arjun,41,40,40,2,99
S0236,Arjun,54,56,40,4,85
S0237,Anjali,53,59,40,3,82
S0238,Divya,68,58,43,5,98
S0239,Amit,76,71,60,8,74
S0240,Raj,42,48,40,4,63
S0241,Kiran,64,72,66,7,88
S0242,Sneha,40,40,40,2,81
S0243,Raj,59,66,50,5,84
S0244,Rohan,40,51,40,2,72
S0245,Sanjay,71,70,53,7,77
S0246,Sneha,41,40,40,2,92
S0247,Nikhil,42,40,40,3,75
S0248,Simran,50,52,40,5,61
S0249,Nikhil,64,69,48,5,94
S0250,Kavita,79,77,59,7,93
S0251,Nisha,77,79,62,8,89
S0252,Meera,49,40,40,3,72
S0253,Simran,49,42,44,4,72
S0254,Divya,40,43,40,2,77
S0255,Neha,72,73,58,6,91
S0256,Amit,42,40,40,2,91
S0257,Vikram,46,54,40,2,94
S0258,Aman,58,61,48,4,98
S0259,Raj,40,51,40,2,88
S0260,Karan,49,40,40,3,88
S0261,Divya,40,40,40,3,75
S0262,Kiran,56,53,40,5,69
S0263,Suresh,75,76,66,7,89
S0264,Kiran,80,88,56,8,84
S0265,Pooja,70,74,48,6,98
S0266,Vikas,40,40,40,2,79
S0267,Kiran,40,40,40,2,64
S0268,Raj,46,52,40,4,60
S0269,Shikha,76,67,65,7,89
S0270,Kunal,40,49,40,3,62
S0271,Raj,70,59,40,6,73
S0272,Rohan,57,70,43,5,89
S0273,Riya,44,44,40,3,63
S0274,Swati,74,68,57,7,77
S0275,Vikram,81,78,45,8,96
S0276,Kunal,69,57,63,5,84
S0277,Rahul,68,71,58,8,60
S0278,Divya,54,50,40,4,74
S0279,Kavita,53,44,45,4,68
S0280,Meera,40,40,44,2,74
S0281,Arjun,87,77,66,8,83
S0282,Kunal,66,51,57,7,63
S0283,Simran,64,63,48,6,71
S0284,Vikas,65,57,48,5,96
S0285,Kiran,49,44,40,3,96
S0286,Anjali,72,54,45,7,65
S0287,Vikas,82,65,54,7,98
S0288,Arjun,44,44,40,4,83
S0289,Vikram,83,68,56,8,70
S0290,Jyoti,40,48,40,2,72
S0291,Priya,47,41,40,2,93
S0292,Rahul,65,60,45,5,84
S0293,Rohan,42,49,40,4,66
S0294,Karan,65,64,47,7,63
S0295,Riya,56,58,68,6,67
S0296,Anjali,50,44,49,4,79
S0297,Kavita,59,69,40,5,88
S0298,Gaurav,59,64,43,5,69
S0299,Kunal,62,46,40,4,93
S0300,Priya,67,53,40,5,85
S0301,Vikas,43,44,40,4,62
S0302,Rohan,40,40,40,3,65
S0303,Rohan,40,49,40,4,64
S0304,Gaurav,71,66,62,8,64
S0305,Shikha,57,65,47,4,82
S0306,Kavita,63,60,51,5,68
S0307,Anjali,78,82,57,8,94
S0308,Sanjay,55,63,48,5,79
S0309,Swati,42,51,40,2,94
S0310,Sneha,40,40,40,2,77
S0311,Nikhil,74,69,53,8,76
S0312,Neha,48,47,47,3,83
S0313,Jyoti,40,40,40,2,62
S0314,Sneha,55,56,47,4,91
S0315,Anjali,65,53,42,5,94
S0316,Meera,43,41,40,2,97
S0317,Meera,40,40,40,2,72
S0318,Simran,45,46,40,3,84
S0319,Vikas,75,83,49,8,68
S0320,Arjun,73,61,55,8,63
S0321,Meera,69,70,41,7,73
S0322,Priya,57,60,40,3,96
S0323,Rohan,58,70,47,4,93
S0324,Arjun,75,70,61,8,70
S0325,Vikas,57,54,40,5,62
S0326,Priya,45,51,40,3,87
S0327,Raj,46,43,40,2,88
S0328,Suresh,57,53,40,5,68
S0329,Riya,53,54,45,5,62
S0330,Vikram,41,40,40,2,84
S0331,Pooja,41,54,40,3,93
S0332,Sanjay,40,40,40,2,71
S0333,Meera,63,64,53,7,68
S0334,Kavita,57,68,40,5,74
S0335,Nisha,80,66,51,6,99
S0336,Divya,78,62,60,6,84
S0337,Simran,50,58,41,4,64
S0338,Nikhil,79,67,58,8,70
S0339,Nisha,40,41,40,2,93
S0340,Neha,40,40,40,2,83
S0341,Neha,46,54,45,4,74
S0342,Shikha,53,59,41,4,97
S0343,Rohan,47,40,46,4,67
S0344,Shikha,51,49,50,5,64
S0345,Suresh,64,68,67,7,85
S0346,Swati,40,40,40,2,77
S0347,Jyoti,49,55,45,5,65
S0348,Raj,57,60,53,4,96
S0349,Kunal,45,40,40,2,72
S0350,Divya,56,66,43,5,87
S0351,Raj,55,65,47,7,64
S0352,Kavita,55,63,44,5,72
S0353,Vikram,77,71,44,7,76
S0354,Rohan,67,65,43,4,99
S0355,Meera,70,76,65,7,91
S0356,Vikram,42,50,40,2,88
S0357,Karan,44,48,46,4,62
S0358,Kavita,43,46,42,2,99
S0359,Kiran,83,82,50,6,93
S0360,Kavita,43,57,43,3,99
S0361,Suresh,76,75,56,7,86
S0362,Vikas,44,40,41,3,72
S0363,Deepak,54,42,44,3,92
S0364,Gaurav,68,66,41,7,65
S0365,Raj,54,53,44,4,83
S0366,Nisha,63,59,48,6,78
S0367,Kunal,40,40,40,2,75
S0368,Divya,62,74,44,5,99
S0369,Raj,43,46,43,2,87
S0370,Jyoti,60,55,55,5,92
S0371,Arjun,40,40,40,2,72
S0372,Sanjay,74,66,46,7,84
S0373,Neha,76,66,51,6,95
S0374,Vikas,60,57,49,5,86
S0375,Sneha,76,79,65,8,97
S0376,Vikram,54,40,45,4,66
S0377,Amit,40,40,40,2,64
S0378,Nisha,40,40,40,2,90
S0379,Raj,56,41,47,5,82
S0380,Anjali,55,60,40,4,69
S0381,Aman,44,62,41,4,91
S0382,Rahul,91,70,64,7,89
S0383,Rahul,90,82,64,8,98
S0384,Gaurav,77,66,61,7,90
S0385,Gaurav,71,79,52,7,77
S0386,Kunal,78,86,51,7,95
S0387,Sneha,69,64,49,7,61
S0388,Aman,74,73,55,7,73
S0389,Rahul,66,62,43,6,72
S0390,Sanjay,54,46,40,4,88
S0391,Swati,69,64,46,7,71
S0392,Kavita,56,59,52,4,98
S0393,Nikhil,45,42,40,4,61
S0394,Gaurav,53,48,47,3,91
S0395,Gaurav,66,60,58,6,72
S0396,Jyoti,60,71,55,7,86
S0397,Vikram,40,40,40,2,76
S0398,Kavita,65,58,40,5,99
S0399,Rohan,82,75,52,8,90
S0400,Swati,40,40,40,2,93
S0401,Neha,72,70,60,6,83
S0402,Rohan,67,50,49,5,94
S0403,Raj,57,65,48,6,65
S0404,Vikram,53,59,40,4,78
S0405,Aman,56,59,40,5,89
S0406,Arjun,40,40,42,4,66
S0407,Aman,40,40,40,2,69
S0408,Suresh,45,43,40,2,91
S0409,Vikas,67,56,52,5,93
S0410,Sanjay,63,57,58,5,87
S0411,Shikha,74,77,51,7,74
S0412,Gaurav,71,71,52,6,89
S0413,Kunal,74,70,60,7,96
S0414,Rohan,70,57,68,6,88
S0415,Sanjay,77,68,40,7,81
S0416,Nisha,50,44,40,4,63
S0417,Neha,64,60,43,5,79
S0418,Aman,44,40,40,2,91
S0419,Arjun,72,72,49,6,95
S0420,Sneha,66,69,45,6,63
S0421,Divya,40,46,40,2,86
S0422,Nisha,67,68,75,7,76
S0423,Gaurav,62,59,53,6,71
S0424,Rahul,76,74,54,8,81
S0425,Suresh,47,57,40,4,76
S0426,Simran,54,50,40,5,69
S0427,Raj,40,40,40,2,60
S0428,Aman,57,58,42,5,81
S0429,Meera,72,74,66,8,85
S0430,Deepak,66,54,40,6,77
S0431,Amit,63,63,55,6,73
S0432,Vikram,78,78,65,8,88
S0433,Priya,40,40,40,2,71
S0434,Aman,61,54,42,4,95
S0435,Nisha,41,58,49,3,94
S0436,Pooja,40,40,40,2,71
S0437,Simran,40,51,40,3,66
S0438,Karan,77,68,60,8,88
S0439,Gaurav,74,69,53,7,70
S0440,Kunal,47,53,40,3,92
S0441,Jyoti,46,41,40,4,65
S0442,Swati,61,70,67,7,74
S0443,Vikram,51,57,40,3,91
S0444,Neha,70,59,60,8,70
S0445,Aman,73,73,55,7,82
S0446,Gaurav,82,62,56,8,85
S0447,Rahul,55,44,40,3,93
S0448,Kunal,77,90,52,8,93
S0449,Sanjay,40,51,57,4,88
S0450,Sanjay,40,40,40,3,63
S0451,Neha,52,43,40,3,76
S0452,Vikram,55,63,40,3,94
S0453,Kavita,40,40,40,2,72
S0454,Swati,40,40,40,2,98
S0455,Gaurav,40,46,40,2,74
S0456,Kavita,49,65,50,4,88
S0457,Anjali,77,72,62,7,88
S0458,Divya,79,65,61,8,70
S0459,Vikas,74,80,57,6,91
S0460,Vikas,53,48,47,3,61
S0461,Suresh,79,77,73,8,73
S0462,Suresh,42,40,40,3,79
S0463,Suresh,52,52,51,4,81
S0464,Swati,40,41,40,3,70
S0465,Sneha,40,44,40,2,86
S0466,Kunal,58,66,40,6,62
S0467,Kiran,55,61,42,5,76
S0468,Sneha,47,41,40,3,87
S0469,Pooja,78,87,67,8,88
S0470,Anjali,43,41,40,2,80
S0471,Gaurav,57,60,40,5,75
S0472,Rahul,70,78,53,6,96
S0473,Sanjay,57,50,52,5,79
S0474,Riya,40,40,40,2,65
S0475,Simran,76,66,59,7,78
S0476,Rahul,63,54,53,7,64
S0477,Arjun,50,53,42,5,62
S0478,Shikha,44,60,40,4,60
S0479,Vikram,78,70,55,8,97
S0480,Vikram,74,73,50,8,74
S0481,Swati,60,66,53,5,93
S0482,Neha,53,51,40,3,94
S0483,Raj,47,46,40,3,84
S0484,Neha,81,69,57,8,83
S0485,Kavita,81,74,55,8,71
S0486,Riya,71,64,61,7,77
S0487,Jyoti,52,40,40,4,74
S0488,Arjun,40,45,40,2,75
S0489,Kiran,48,53,41,3,86
S0490,Rohan,73,71,55,8,67
S0491,Shikha,62,72,56,7,84
S0492,Kiran,64,69,60,6,76
S0493,Arjun,82,74,56,7,88
S0494,Simran,45,46,40,3,67
S0495,Sanjay,48,42,40,3,74
S0496,Swati,80,79,54,7,86
S0497,Nisha,40,40,40,2,66
S0498,Arjun,54,52,40,5,62
S0499,Simran,44,41,40,3,88
S0500,Sanjay,72,72,56,7,83
S0501,Sneha,77,64,55,8,62
S0502,Karan,78,65,62,7,79
S0503,Gaurav,49,45,40,4,74
S0504,Sanjay,57,53,56,5,84
S0505,Kiran,68,79,45,6,89
S0506,Kiran,40,45,40,2,73
S0507,Sanjay,54,70,47,6,66
S0508,Shikha,46,49,40,5,76
S0509,Rahul,55,58,51,5,79
S0510,Shikha,57,55,65,5,95
S0511,Karan,59,55,46,6,68
S0512,Deepak,84,76,67,8,97
S0513,Kiran,57,65,45,5,81
S0514,Rahul,74,60,45,7,61
S0515,Amit,68,71,40,6,83
S0516,Kiran,56,57,40,5,67
S0517,Raj,73,80,42,7,70
S0518,Deepak,71,64,69,8,72
S0519,Shikha,55,58,40,4,76
S0520,Rohan,75,78,54,8,67
S0521,Arjun,62,52,51,5,80
S0522,Sanjay,59,68,41,6,77
S0523,Suresh,40,51,40,3,89
S0524,Nikhil,62,55,44,5,77
S0525,Vikas,49,44,44,3,90
S0526,Amit,73,71,62,7,97
S0527,Vikas,50,68,44,4,91
S0528,Anjali,40,40,40,2,70
S0529,Kunal,75,82,63,8,84
S0530,Vikram,63,51,44,4,92
S0531,Divya,59,59,42,5,97
S0532,Karan,44,47,40,3,67
S0533,Sanjay,75,64,49,8,70
S0534,Raj,48,43,40,3,81
S0535,Deepak,64,65,47,6,83
S0536,Deepak,42,45,51,3,76
S0537,Priya,63,59,47,6,71
S0538,Nisha,71,76,47,7,91
S0539,Anjali,81,78,57,8,74
S0540,Kunal,75,78,62,8,75
S0541,Sanjay,40,40,41,2,81
S0542,Raj,56,58,42,5,87
S0543,Sanjay,52,70,40,6,79
S0544,Divya,40,49,40,2,92
S0545,Priya,53,40,40,3,69
S0546,Sanjay,54,54,40,3,99
S0547,Vikas,41,40,40,2,91
S0548,Kiran,82,80,62,8,92
S0549,Divya,40,50,40,3,61
S0550,Amit,79,68,53,7,92
S0551,Sneha,70,69,56,7,92
S0552,Rohan,41,41,40,2,72
S0553,Riya,72,57,53,6,89
S0554,Meera,73,64,53,6,92
S0555,Vikas,40,40,40,2,72
S0556,Riya,67,61,57,6,85
S0557,Riya,83,74,62,8,81
S0558,Raj,88,86,67,8,98
S0559,Kavita,58,59,40,6,61
S0560,Rahul,75,77,59,7,97
S0561,Simran,71,68,57,6,98
S0562,Gaurav,89,79,66,8,85
S0563,Nikhil,44,49,40,4,74
S0564,Meera,55,65,43,5,93
S0565,Nisha,51,49,40,3,99
S0566,Nikhil,49,47,41,4,70
S0567,Kiran,61,51,52,6,62
S0568,Meera,69,64,48,7,65
S0569,Anjali,40,40,40,2,68
S0570,Rohan,68,52,47,6,65
S0571,Sanjay,61,67,51,7,68
S0572,Suresh,60,65,48,5,98
S0573,Shikha,68,72,57,6,90
S0574,Swati,75,77,65,8,91
S0575,Nikhil,40,40,43,2,71
S0576,Gaurav,77,68,45,7,67
S0577,Swati,69,68,55,7,67
S0578,Nisha,76,67,53,7,87
S0579,Kavita,52,58,40,5,79
S0580,Nisha,58,61,46,6,66
S0581,Kunal,54,54,43,5,70
S0582,Riya,43,40,55,3,79
S0583,Swati,49,45,40,3,75
S0584,Deepak,63,71,40,6,63
S0585,Riya,69,68,58,8,65
S0586,Nikhil,60,53,40,5,81
S0587,Pooja,41,43,40,2,85
S0588,Simran,73,65,50,7,62
S0589,Suresh,78,74,58,7,73
S0590,Kunal,57,52,54,6,70
S0591,Simran,75,79,55,8,77
S0592,Raj,40,46,40,3,71
S0593,Sneha,44,45,40,3,82
S0594,Divya,72,68,44,7,71
S0595,Gaurav,68,67,50,6,72
S0596,Priya,59,64,40,5,84
S0597,Riya,42,40,40,3,78
S0598,Neha,64,68,41,5,95
S0599,Divya,71,71,60,8,67
S0600,Anjali,57,49,49,3,88
S0601,Sneha,40,50,40,3,91
S0602,Amit,52,50,40,4,77
S0603,Anjali,50,47,40,3,65
S0604,Anjali,40,40,40,2,77
S0605,Gaurav,64,56,51,6,78
S0606,Raj,64,61,47,6,81
S0607,Nisha,62,64,47,5,96
S0608,Anjali,90,87,65,8,91
S0609,Sanjay,40,43,40,3,62
S0610,Vikas,47,40,40,2,87
S0611,Nisha,48,69,40,5,69
S0612,Rahul,54,58,44,4,94
S0613,Pooja,59,68,40,5,88
S0614,Riya,60,54,55,5,74
S0615,Karan,40,53,40,3,92
S0616,Nisha,50,52,40,4,66
S0617,Sanjay,66,62,46,5,71
S0618,Sanjay,40,49,40,2,89
S0619,Priya,40,45,40,2,80
S0620,Arjun,65,65,49,6,90
S0621,Neha,55,49,47,4,83
S0622,Rohan,51,53,40,4,79
S0623,Sneha,67,75,48,6,96
S0624,Meera,56,50,47,5,63
S0625,Rahul,63,60,40,4,87
S0626,Anjali,40,48,40,2,79
S0627,Nikhil,42,40,40,2,83
S0628,Sanjay,41,44,43,3,91
S0629,Nikhil,51,56,60,4,95
S0630,Amit,65,64,54,5,93
S0631,Pooja,77,66,61,6,95
S0632,Raj,62,65,41,6,61
S0633,Meera,55,58,40,5,74
S0634,Swati,83,80,63,8,93
S0635,Vikram,71,66,59,7,95
S0636,Neha,43,40,40,3,65
S0637,Anjali,75,71,53,6,98
S0638,Deepak,47,40,40,4,71
S0639,Sneha,40,45,40,3,62
S0640,Arjun,52,50,42,4,77
S0641,Suresh,83,100,66,8,99
S0642,Aman,40,53,40,2,80
S0643,Shikha,53,42,40,3,74
S0644,Meera,68,67,44,6,92
S0645,Shikha,47,56,50,3,94
S0646,Vikram,43,57,40,3,85
S0647,Rahul,44,40,40,3,67
S0648,Jyoti,76,64,52,7,95
S0649,Aman,44,45,57,3,89
S0650,Kiran,59,56,40,4,82
S0651,Karan,42,40,40,2,73
S0652,Vikram,74,79,61,8,73
S0653,Raj,43,44,44,5,61
S0654,Aman,54,40,45,3,96
S0655,Priya,57,63,58,6,64
S0656,Sneha,54,46,42,3,97
S0657,Deepak,54,49,40,6,73
S0658,Divya,61,59,42,4,98
S0659,Nikhil,61,70,53,6,84
S0660,Rahul,62,56,59,5,79
S0661,Nikhil,40,40,40,2,61
S0662,Nikhil,66,69,62,6,98
S0663,Sneha,59,56,47,6,65
S0664,Kunal,40,40,40,2,76
S0665,Jyoti,60,55,45,5,84
S0666,Aman,50,51,40,3,87
S0667,Rahul,70,59,50,6,61
S0668,Neha,40,45,40,2,94
S0669,Priya,64,51,50,4,96
S0670,Simran,40,40,40,2,64
S0671,Karan,41,40,40,4,60
S0672,Nikhil,58,65,40,5,99
S0673,Divya,41,51,40,3,71
S0674,Jyoti,47,40,40,2,95
S0675,Arjun,79,73,53,8,82
S0676,Gaurav,90,81,58,8,90
S0677,Simran,62,74,49,7,70
S0678,Nisha,62,57,40,6,69
S0679,Simran,47,47,40,5,62
S0680,Kiran,40,40,40,2,73
S0681,Vikram,82,74,55,8,75
S0682,Deepak,60,72,42,6,69
S0683,Amit,69,80,50,8,88
S0684,Karan,40,40,41,2,69
S0685,Swati,51,50,46,4,71
S0686,Vikas,42,43,40,2,89
S0687,Riya,73,58,51,7,60
S0688,Deepak,40,40,40,2,64
S0689,Arjun,41,41,40,2,79
S0690,Suresh,75,65,46,7,67
S0691,Kavita,47,48,50,5,71
S0692,Suresh,40,40,40,2,60
S0693,Nisha,70,73,45,7,79
S0694,Shikha,67,63,56,6,87
S0695,Gaurav,58,63,53,4,96
S0696,Riya,54,54,62,4,96
S0697,Rohan,40,40,40,2,71
S0698,Riya,63,59,53,5,96
S0699,Aman,55,49,43,5,87
S0700,Shikha,58,64,53,6,74
S0701,Riya,40,40,40,2,65
S0702,Sanjay,45,44,40,4,79
S0703,Gaurav,60,43,40,5,73
S0704,Vikas,40,40,40,2,61
S0705,Divya,67,70,52,8,68
S0706,Shikha,60,61,53,5,96
S0707,Riya,78,63,61,7,79
S0708,Jyoti,76,70,65,8,85
S0709,Vikram,59,63,58,5,88
S0710,Anjali,48,41,40,4,60
S0711,Vikram,53,52,40,3,94
S0712,Anjali,74,65,65,8,65
S0713,Sanjay,67,70,49,6,96
S0714,Nikhil,68,66,52,6,64
S0715,Gaurav,64,59,54,4,92
S0716,Deepak,61,53,46,5,73
S0717,Suresh,40,40,40,2,71
S0718,Jyoti,54,56,40,5,79
S0719,Vikas,48,53,50,4,83
S0720,Meera,72,66,52,6,93
S0721,Simran,62,58,46,5,84
S0722,Vikas,75,68,57,6,88
S0723,Kavita,88,76,69,8,98
S0724,Simran,40,40,40,2,90
S0725,Kavita,85,68,59,8,82
S0726,Rahul,66,60,52,6,97
S0727,Aman,63,56,55,6,79
S0728,Gaurav,46,47,40,3,82
S0729,Neha,53,40,40,3,75
S0730,Anjali,91,74,64,8,67
S0731,Kavita,76,70,54,7,80
S0732,Simran,73,57,49,8,60
S0733,Divya,43,45,40,3,67
S0734,Divya,72,71,45,6,88
S0735,Kunal,53,49,40,4,91
S0736,Kavita,94,84,72,8,97
S0737,Nisha,62,53,40,6,64
S0738,Kiran,54,52,41,4,81
S0739,Sanjay,59,48,40,4,93
S0740,Neha,41,40,40,3,60
S0741,Shikha,85,75,50,8,85
S0742,Rohan,52,53,40,5,69
S0743,Swati,40,40,40,2,89
S0744,Sanjay,40,40,40,3,77
S0745,Raj,45,42,40,3,76
S0746,Nisha,64,61,40,5,85
S0747,Anjali,40,40,40,2,67
S0748,Sanjay,80,71,56,6,99
S0749,Jyoti,70,62,54,7,71
S0750,Kiran,85,85,61,8,86
S0751,Aman,63,58,48,7,67
S0752,Nisha,65,68,52,6,84
S0753,Rohan,43,47,40,3,63
S0754,Shikha,45,47,40,2,92
S0755,Shikha,40,40,40,3,60
S0756,Sneha,51,48,40,4,78
S0757,Pooja,40,55,40,3,90
S0758,Nikhil,41,40,42,3,75
S0759,Priya,68,55,42,6,73
S0760,Rohan,64,56,42,6,64
S0761,Simran,70,73,47,6,85
S0762,Jyoti,75,74,51,7,87
S0763,Arjun,46,40,40,4,61
S0764,Anjali,58,56,51,6,65
S0765,Rahul,40,40,40,2,68
S0766,Nikhil,78,69,60,7,92
S0767,Shikha,62,65,40,5,84
S0768,Simran,40,40,40,2,72
S0769,Riya,65,81,54,8,68
S0770,Shikha,83,78,69,8,72
S0771,Amit,40,50,40,2,90
S0772,Meera,58,57,40,6,70
S0773,Pooja,57,51,40,5,63
S0774,Shikha,60,53,48,5,93
S0775,Kavita,83,72,63,7,97
S0776,Divya,56,55,43,5,63
S0777,Rohan,88,89,65,8,97
S0778,Anjali,44,44,47,4,78
S0779,Suresh,67,56,42,6,65
S0780,Pooja,64,61,54,5,93
S0781,Divya,70,60,42,7,77
S0782,Simran,78,76,51,8,72
S0783,Rahul,43,48,40,4,82
S0784,Riya,46,44,40,3,78
S0785,Arjun,40,40,40,3,70
S0786,Vikas,40,40,40,4,60
S0787,Jyoti,73,77,61,8,83
S0788,Rahul,74,63,45,7,66
S0789,Kavita,50,51,40,4,84
S0790,Divya,73,59,40,6,80
S0791,Nikhil,61,63,58,6,74
S0792,Kavita,40,48,40,3,60
S0793,Meera,50,55,40,5,71
S0794,Gaurav,74,71,62,7,66
S0795,Amit,42,40,40,3,74
S0796,Amit,56,58,40,5,80
S0797,Rohan,59,50,40,5,78
S0798,Arjun,70,57,51,6,88
S0799,Vikas,86,72,64,8,84
S0800,Simran,48,51,40,2,92
S0801,Nikhil,81,85,80,8,91
S0802,Kiran,40,46,40,2,94
S0803,Kunal,55,48,48,4,97
S0804,Deepak,68,64,47,6,85
S0805,Shikha,51,56,40,5,70
S0806,Nikhil,72,75,54,7,94
S0807,Sanjay,40,40,40,2,67
S0808,Simran,77,68,70,8,73
S0809,Rahul,55,53,48,5,69
S0810,Riya,40,40,40,2,61
S0811,Vikas,40,40,40,2,68
S0812,Sneha,40,40,40,2,62
S0813,Riya,77,70,45,7,80
S0814,Neha,72,70,40,6,85
S0815,Karan,59,69,46,7,67
S0816,Kiran,40,42,40,3,61
S0817,Karan,47,47,41,5,65
S0818,Nisha,64,55,52,6,87
S0819,Divya,67,64,42,6,88
S0820,Karan,60,71,56,6,85
S0821,Deepak,76,85,62,8,84
S0822,Simran,58,65,52,6,71
S0823,Sanjay,69,66,40,7,64
S0824,Vikas,70,70,55,6,93
S0825,Sanjay,53,54,40,4,96
S0826,Divya,58,55,40,5,74
S0827,Deepak,67,79,57,6,95
S0828,Anjali,55,50,44,5,74
S0829,Kavita,60,62,40,4,82
S0830,Anjali,54,44,40,4,65
S0831,Sanjay,52,65,40,5,80
S0832,Anjali,42,40,40,2,82
S0833,Sanjay,47,47,40,3,75
S0834,Rahul,72,69,66,8,74
S0835,Anjali,43,40,40,2,84
S0836,Neha,50,46,40,2,95
S0837,Kiran,64,72,47,7,70
S0838,Suresh,73,68,64,8,74
S0839,Karan,79,61,50,8,63
S0840,Shikha,40,40,40,2,80
S0841,Neha,66,60,45,6,72
S0842,Deepak,75,73,41,7,81
S0843,Swati,74,74,50,7,78
S0844,Deepak,49,56,40,4,93
S0845,Vikram,83,84,58,8,73
S0846,Nikhil,40,40,40,2,63
S0847,Deepak,52,52,47,4,86
S0848,Rahul,61,51,46,5,88
S0849,Meera,40,46,40,3,87
S0850,Sanjay,79,72,63,7,94
S0851,Simran,57,59,48,5,67
S0852,Priya,57,59,43,5,75
S0853,Deepak,76,62,48,6,95
S0854,Kavita,46,50,40,3,89
S0855,Swati,60,60,40,5,77
S0856,Rahul,48,60,40,5,61
S0857,Nisha,42,48,40,3,72
S0858,Raj,40,44,40,3,63
S0859,Anjali,61,60,51,5,85
S0860,Riya,44,49,40,3,84
S0861,Simran,61,68,46,5,89
S0862,Neha,60,46,50,5,70
S0863,Rohan,59,57,48,6,66
S0864,Pooja,40,40,40,2,90
S0865,Kavita,64,56,40,5,69
S0866,Deepak,64,65,40,4,98
S0867,Amit,64,63,47,7,72
S0868,Rahul,86,65,58,8,90
S0869,Riya,40,40,40,2,66
S0870,Nikhil,43,50,40,2,95
S0871,Suresh,40,42,40,2,79
S0872,Vikas,59,60,58,6,63
S0873,Suresh,50,51,43,5,66
S0874,Vikram,56,49,40,6,60
S0875,Kiran,52,58,40,5,72
S0876,Arjun,62,59,51,6,81
S0877,Divya,65,77,61,6,80
S0878,Gaurav,69,73,47,7,81
S0879,Rahul,57,50,48,4,87
S0880,Kiran,69,56,56,6,68
S0881,Raj,71,71,51,7,85
S0882,Sanjay,42,40,40,3,68
S0883,Deepak,52,56,40,4,74
S0884,Aman,65,61,45,6,69
S0885,Simran,81,72,60,8,83
S0886,Jyoti,40,46,40,2,67
S0887,Meera,48,47,43,3,83
S0888,Shikha,40,48,40,3,75
S0889,Priya,78,68,42,7,85
S0890,Rahul,51,50,40,3,86
S0891,Gaurav,52,59,46,4,96
S0892,Gaurav,61,46,47,6,63
S0893,Jyoti,70,77,48,6,83
S0894,Nikhil,78,83,60,8,78
S0895,Neha,47,42,44,2,95
S0896,Aman,90,69,62,7,98
S0897,Priya,40,40,40,2,69
S0898,Aman,40,47,40,3,84
S0899,Rahul,80,77,58,8,77
S0900,Rohan,41,40,40,2,78
S0901,Amit,55,60,42,4,95
S0902,Swati,69,68,47,6,69
S0903,Nikhil,41,53,40,3,92
S0904,Vikram,78,64,63,8,64
S0905,Gaurav,40,53,47,2,94
S0906,Nikhil,85,84,61,7,93
S0907,Rohan,65,75,43,4,92
S0908,Rahul,48,45,40,4,80
S0909,Sanjay,40,40,40,2,76
S0910,Amit,70,51,55,6,81
S0911,Anjali,40,48,40,2,96
S0912,Swati,42,40,40,3,74
S0913,Sneha,42,56,40,2,94
S0914,Aman,44,49,40,4,87
S0915,Swati,75,60,53,8,66
S0916,Arjun,40,41,40,2,91
S0917,Suresh,60,48,44,6,70
S0918,Sanjay,83,76,71,8,69
S0919,Sanjay,63,53,55,7,68
S0920,Shikha,60,55,40,5,73
S0921,Jyoti,40,40,40,2,72
S0922,Anjali,65,63,46,6,84
S0923,Jyoti,78,79,40,8,61
S0924,Neha,71,71,64,6,94
S0925,Suresh,71,59,56,7,66
S0926,Meera,56,51,43,4,80
S0927,Karan,63,63,50,6,77
S0928,Meera,71,72,45,8,62
S0929,Kiran,65,62,51,6,98
S0930,Shikha,58,64,53,6,70
S0931,Suresh,86,54,47,6,98
S0932,Divya,52,43,40,3,83
S0933,Kavita,40,42,40,3,78
S0934,Priya,40,49,40,4,63
S0935,Swati,41,41,40,2,85
S0936,Kunal,73,61,59,6,97
S0937,Sanjay,79,67,62,7,91
S0938,Swati,42,47,40,2,98
S0939,Kavita,76,74,67,7,95
S0940,Rohan,45,43,40,2,99
S0941,Neha,57,54,47,4,96
S0942,Deepak,58,72,57,6,92
S0943,Raj,69,66,45,6,95
S0944,Aman,49,51,40,5,62
S0945,Meera,70,78,46,7,68
S0946,Karan,49,40,40,2,67
S0947,Kunal,43,40,40,2,92
S0948,Anjali,40,45,40,3,65
S0949,Karan,69,60,43,5,98
S0950,Shikha,77,68,51,8,63
S0951,Pooja,79,68,65,8,72
S0952,Suresh,42,40,40,3,61
S0953,Aman,50,49,40,3,64
S0954,Nikhil,41,52,40,3,86
S0955,Riya,78,79,66,7,91
S0956,Arjun,68,61,49,7,80
S0957,Anjali,50,40,45,4,67
S0958,Nisha,52,40,45,4,97
S0959,Arjun,40,40,40,3,67
S0960,Swati,52,57,58,5,62
S0961,Kavita,40,40,40,2,62
S0962,Karan,77,69,52,7,81
S0963,Sanjay,48,52,40,5,65
S0964,Jyoti,60,53,51,6,61
S0965,Sneha,70,71,67,7,82
S0966,Suresh,61,67,61,7,61
S0967,Kavita,56,48,52,4,97
S0968,Nisha,40,40,40,2,76
S0969,Shikha,54,50,40,2,94
S0970,Kavita,86,78,51,8,93
S0971,Rahul,73,80,74,8,82
S0972,Shikha,79,96,65,8,89
S0973,Vikram,81,70,53,8,67
S0974,Sneha,76,66,59,6,81
S0975,Amit,62,64,46,6,95
S0976,Anjali,58,65,53,7,64
S0977,Sanjay,51,45,40,3,72
S0978,Shikha,56,55,46,4,88
S0979,Sanjay,50,49,42,4,90
S0980,Divya,81,75,48,8,75
S0981,Riya,62,81,57,7,89
S0982,Arjun,57,58,51,5,75
S0983,Kunal,43,48,40,3,71
S0984,Raj,76,67,59,7,76
S0985,Vikram,40,48,40,3,75
S0986,Aman,42,44,40,3,71
S0987,Shikha,40,40,40,3,67
S0988,Raj,73,71,59,7,79
S0989,Nikhil,70,63,55,8,62
S0990,Anjali,48,46,43,4,75
S0991,Deepak,49,56,49,4,89
S0992,Deepak,83,78,65,8,82
S0993,Vikram,51,41,40,3,87
S0994,Divya,63,70,42,5,99
S0995,Deepak,40,40,40,2,64
S0996,Neha,65,65,51,7,79
S0997,Nisha,42,40,40,2,99
S0998,Vikram,73,68,52,8,60
S0999,Swati,74,58,40,5,89
S1000,Amit,67,70,41,7,80
S1001,Arjun,87,73,55,8,79
S1002,Nikhil,45,40,40,3,65
S1003,Sanjay,53,50,40,4,81
S1004,Sanjay,45,40,40,2,77
S1005,Kiran,63,63,60,6,67
S1006,Amit,73,66,61,6,98
S1007,Deepak,62,71,59,5,91
S1008,Kiran,54,40,40,3,92
S1009,Karan,41,46,40,2,75
S1010,Kiran,40,41,40,3,71
S1011,Simran,40,51,40,2,97
S1012,Divya,61,63,40,5,93
S1013,Meera,52,62,51,5,73
S1014,Raj,70,66,64,6,95
S1015,Suresh,54,43,40,3,92
S1016,Meera,71,79,53,7,82
S1017,Meera,60,56,40,6,61
S1018,Swati,45,47,40,3,80
S1019,Swati,64,64,53,6,61
S1020,Riya,63,65,44,7,86
S1021,Kunal,45,51,40,4,68
S1022,Kiran,47,41,40,4,60
S1023,Divya,55,47,40,4,70
S1024,Vikram,44,46,40,4,62
S1025,Karan,71,67,59,8,82
S1026,Raj,42,40,40,2,85
S1027,Karan,71,78,54,8,63
S1028,Karan,73,80,66,8,77
S1029,Karan,72,70,59,8,65
S1030,Raj,55,58,45,4,94
S1031,Raj,70,68,46,7,81
S1032,Nisha,46,64,40,5,74
S1033,Gaurav,63,57,51,5,81
S1034,Jyoti,49,46,40,2,96
S1035,Jyoti,52,55,42,4,71
S1036,Jyoti,51,53,56,4,97
S1037,Kiran,50,60,46,4,77
S1038,Meera,70,59,54,6,94
S1039,Shikha,50,58,40,3,89
S1040,Nisha,70,62,40,6,83
S1041,Simran,44,47,40,3,89
S1042,Aman,50,40,40,4,73
S1043,Shikha,49,44,40,4,65
S1044,Kavita,67,51,44,6,62
S1045,Priya,68,58,46,6,75
S1046,Suresh,44,40,40,3,66
S1047,Priya,57,61,40,5,73
S1048,Arjun,48,43,40,3,68
S1049,Nikhil,66,63,60,6,74
S1050,Priya,68,63,54,7,80
S1051,Amit,77,63,55,6,94
S1052,Swati,70,74,56,7,61
S1053,Kiran,40,40,40,2,86
S1054,Deepak,57,67,47,6,61
S1055,Shikha,43,43,40,2,94
S1056,Sneha,60,56,50,5,77
S1057,Kavita,43,49,40,3,73
S1058,Sneha,74,77,56,7,79
S1059,Rahul,52,44,40,3,77
S1060,Anjali,40,40,40,2,69
S1061,Arjun,75,71,70,7,84
S1062,Sneha,44,41,40,3,61
S1063,Nisha,62,70,48,6,84
S1064,Karan,57,56,44,4,92
S1065,Kavita,51,48,40,2,95
S1066,Vikas,46,59,40,3,90
S1067,Arjun,40,40,40,2,73
S1068,Nisha,70,70,64,8,60
S1069,Divya,40,40,40,2,75
S1070,Shikha,63,47,40,7,62
S1071,Pooja,82,83,59,8,94
S1072,Rohan,61,64,62,7,65
S1073,Arjun,53,50,51,4,84
S1074,Sanjay,82,74,64,8,72
S1075,Anjali,65,68,52,6,93
S1076,Sanjay,41,42,40,2,67
S1077,Vikas,47,46,40,3,80
S1078,Simran,68,58,56,5,93
S1079,Kavita,40,40,40,2,63
S1080,Anjali,43,40,40,2,84
S1081,Rahul,44,53,45,4,74
S1082,Swati,65,55,45,6,63
S1083,Suresh,57,50,52,5,71
S1084,Vikas,86,80,58,8,91
S1085,Kunal,77,79,62,8,91
S1086,Aman,77,81,55,8,87
S1087,Riya,73,65,53,7,72
S1088,Kunal,71,62,47,7,90
S1089,Swati,45,40,40,3,73
S1090,Vikas,51,62,40,5,79
S1091,Arjun,83,73,64,8,77
S1092,Kavita,69,71,62,7,88
S1093,Rahul,43,46,40,3,65
S1094,Arjun,72,63,62,6,91
S1095,Neha,43,40,54,3,88
S1096,Meera,70,62,50,7,61
S1097,Rahul,53,49,40,4,82
S1098,Rohan,48,45,59,4,78
S1099,Sanjay,77,78,53,8,90
S1100,Sneha,40,49,40,4,64
S1101,Sanjay,81,75,60,8,78
S1102,Shikha,76,82,72,8,93
S1103,Anjali,70,77,54,7,69
S1104,Kunal,51,51,40,4,84
S1105,Sneha,77,71,48,8,61
S1106,Amit,54,51,40,5,70
S1107,Anjali,67,62,45,6,90
S1108,Nisha,46,40,40,3,74
S1109,Meera,43,40,40,3,68
S1110,Simran,75,72,45,7,82
S1111,Jyoti,53,65,48,4,78
S1112,Swati,40,43,40,4,68
S1113,Karan,87,78,54,8,94
S1114,Karan,41,40,40,2,80
S1115,Sanjay,71,74,57,8,68
S1116,Jyoti,66,68,40,6,87
S1117,Sneha,54,60,43,5,66
S1118,Shikha,42,40,40,3,75
S1119,Raj,80,59,70,8,75
S1120,Sanjay,48,41,40,2,92
S1121,Priya,40,40,40,2,63
S1122,Divya,68,60,50,8,63
S1123,Riya,81,58,58,7,98
S1124,Meera,57,56,44,3,99
S1125,Vikas,73,70,53,7,76
S1126,Kunal,69,57,47,5,96
S1127,Arjun,53,40,40,2,98
S1128,Anjali,45,40,40,2,88
S1129,Vikas,71,69,51,6,95
S1130,Kiran,69,60,40,5,97
S1131,Divya,44,49,41,2,98
S1132,Vikram,63,46,51,5,96
S1133,Karan,47,45,40,3,94
S1134,Sneha,55,40,49,4,66
S1135,Aman,40,40,40,2,86
S1136,Sneha,75,63,44,6,87
S1137,Divya,47,51,41,3,81
S1138,Neha,70,62,61,8,73
S1139,Rahul,56,53,44,5,66
S1140,Rahul,74,84,61,8,96
S1141,Kavita,76,81,58,7,81
S1142,Rahul,44,40,40,3,64
S1143,Raj,71,71,59,8,61
S1144,Gaurav,40,40,40,2,86
S1145,Anjali,68,43,41,5,80
S1146,Deepak,54,63,56,4,97
S1147,Meera,40,43,40,3,74
S1148,Shikha,45,47,40,2,80
S1149,Kunal,72,51,44,6,69
S1150,Shikha,73,73,46,7,82
S1151,Meera,69,75,40,5,98
S1152,Raj,46,42,40,3,64
S1153,Shikha,40,40,40,3,60
S1154,Jyoti,47,49,40,4,72
S1155,Gaurav,58,42,40,4,80
S1156,Raj,75,73,51,6,85
S1157,Gaurav,75,66,62,7,80
S1158,Nikhil,60,65,47,6,77
S1159,Deepak,52,40,40,2,96
S1160,Shikha,40,40,40,2,91
S1161,Sneha,68,77,57,6,95
S1162,Deepak,73,66,63,7,76
S1163,Nisha,77,77,49,6,94
S1164,Arjun,74,66,53,7,70
S1165,Nikhil,75,58,57,7,80
S1166,Kiran,83,83,54,8,85
S1167,Swati,54,48,40,5,63
S1168,Priya,79,78,47,7,93
S1169,Vikas,40,51,40,4,77
S1170,Pooja,77,67,62,7,99
S1171,Karan,78,75,55,7,94
S1172,Kiran,69,85,58,7,88
S1173,Amit,84,81,61,8,88
S1174,Rahul,84,81,57,8,97
S1175,Amit,46,46,40,2,80
S1176,Kavita,85,74,49,8,72
S1177,Swati,48,51,48,4,76
S1178,Sneha,47,41,40,4,68
S1179,Amit,73,70,53,8,60
S1180,Simran,58,63,40,6,61
S1181,Priya,62,55,50,5,88
S1182,Arjun,79,88,60,8,92
S1183,Vikram,64,65,48,7,69
S1184,Kiran,53,47,45,3,99
S1185,Kiran,62,63,45,5,80
S1186,Neha,57,58,50,5,87
S1187,Karan,53,53,40,4,70
S1188,Pooja,59,60,40,5,93
S1189,Amit,77,71,57,8,67
S1190,Kunal,77,73,53,7,81
S1191,Anjali,68,67,56,7,67
S1192,Meera,40,40,40,2,74
S1193,Sanjay,69,61,55,7,76
S1194,Simran,72,76,44,7,82
S1195,Priya,51,52,53,4,83
S1196,Swati,68,66,53,7,78
S1197,Rohan,40,40,40,2,64
S1198,Suresh,40,43,40,3,91
S1199,Meera,71,56,57,8,60
S1200,Amit,51,52,40,4,82
S1201,Nikhil,48,48,42,3,96
S1202,Shikha,46,41,40,4,67
S1203,Rohan,63,60,48,6,72
S1204,Kavita,57,55,46,5,67
S1205,Sneha,70,77,41,6,82
S1206,Kunal,63,53,45,7,60
S1207,Deepak,40,54,40,3,83
S1208,Kavita,71,80,73,7,94
S1209,Gaurav,57,54,44,5,83
S1210,Shikha,49,51,43,4,76
S1211,Amit,50,49,40,5,64
S1212,Aman,40,40,43,2,79
S1213,Kavita,56,67,40,5,80
S1214,Vikram,44,50,40,2,99
S1215,Neha,64,64,40,5,90
S1216,Sneha,81,78,46,8,95
S1217,Priya,40,40,40,2,70
S1218,Arjun,40,42,40,3,74
S1219,Riya,72,76,52,7,78
S1220,Sneha,64,55,50,7,66
S1221,Amit,70,60,73,6,87
S1222,Pooja,59,65,49,7,64
S1223,Kavita,45,40,40,4,64
S1224,Rohan,84,74,57,8,89
S1225,Nisha,63,59,49,5,91
S1226,Vikas,75,51,45,6,67
S1227,Anjali,50,42,40,4,69
S1228,Suresh,52,62,56,4,97
S1229,Sneha,40,40,40,2,91
S1230,Neha,66,62,57,7,87
S1231,Rahul,43,40,40,3,76
S1232,Rohan,43,53,40,3,90
S1233,Vikas,66,58,65,6,67
S1234,Amit,82,79,63,8,99
S1235,Sanjay,45,47,43,3,84
S1236,Neha,52,43,52,5,68
S1237,Deepak,47,42,40,3,61
S1238,Nikhil,62,64,42,6,74
S1239,Nikhil,48,40,40,3,62
S1240,Swati,67,69,53,5,95
S1241,Nikhil,40,40,40,2,63
S1242,Kavita,79,80,59,8,73
S1243,Nisha,69,66,42,6,84
S1244,Kavita,40,40,40,2,69
S1245,Neha,40,40,40,2,80
S1246,Karan,46,44,40,2,95
S1247,Amit,49,56,40,4,71
S1248,Simran,74,71,69,8,86
S1249,Riya,78,72,55,7,99
S1250,Jyoti,82,75,43,8,61
S1251,Neha,55,45,40,4,72
S1252,Vikas,75,79,57,7,91
S1253,Jyoti,87,89,63,8,90
S1254,Suresh,40,40,40,2,75
S1255,Pooja,60,71,51,6,91
S1256,Arjun,71,66,56,7,91
S1257,Divya,70,67,40,5,93
S1258,Rahul,54,55,48,5,70
S1259,Aman,40,44,40,3,69
S1260,Sanjay,69,64,50,7,74
S1261,Nisha,74,52,40,6,76
S1262,Kiran,65,61,54,4,99
S1263,Nikhil,48,40,40,2,77
S1264,Vikram,40,40,40,3,68
S1265,Meera,61,65,48,5,84
S1266,Raj,50,59,40,4,99
S1267,Meera,57,61,40,4,73
S1268,Kiran,40,47,40,2,84
S1269,Riya,74,66,60,7,81
S1270,Anjali,56,61,43,5,89
S1271,Rohan,62,63,70,6,79
S1272,Deepak,47,42,40,4,80
S1273,Swati,40,40,40,2,91
S1274,Raj,63,60,46,6,80
S1275,Arjun,74,62,60,7,94
S1276,Priya,66,62,44,5,91
S1277,Rahul,70,71,61,7,89
S1278,Meera,58,48,40,4,98
S1279,Kunal,69,63,40,6,71
S1280,Kunal,62,67,40,6,77
S1281,Swati,62,65,40,6,80
S1282,Rahul,48,47,40,4,72
S1283,Gaurav,57,55,40,4,80
S1284,Sneha,70,69,47,7,67
S1285,Suresh,48,54,48,3,99
S1286,Kiran,71,60,60,7,66
S1287,Jyoti,54,60,43,5,82
S1288,Divya,44,51,40,2,91
S1289,Sneha,65,56,43,6,70
S1290,Jyoti,43,58,40,3,81
S1291,Kunal,40,40,40,2,81
S1292,Nikhil,41,47,40,3,84
S1293,Sneha,82,72,55,8,81
S1294,Rahul,81,73,54,7,87
S1295,Pooja,51,44,40,4,88
S1296,Arjun,65,57,49,6,72
S1297,Kunal,61,62,56,7,77
S1298,Neha,40,40,40,2,61
S1299,Swati,82,84,70,8,88
S1300,Rahul,75,79,53,8,80
S1301,Rahul,73,59,47,8,74
S1302,Simran,40,54,40,2,86
S1303,Rahul,42,45,40,2,90
S1304,Vikas,40,40,40,2,74
S1305,Kavita,40,41,40,2,82
S1306,Deepak,70,78,70,8,83
S1307,Simran,74,69,62,8,72
S1308,Neha,47,47,40,3,81
S1309,Priya,64,71,48,7,96
S1310,Deepak,67,65,64,6,92
S1311,Sanjay,43,41,40,4,62
S1312,Swati,86,66,53,8,78
S1313,Kavita,50,53,40,4,82
S1314,Karan,77,76,54,7,88
S1315,Amit,76,76,55,7,89
S1316,Divya,46,63,49,4,98
S1317,Anjali,85,79,51,8,84
S1318,Gaurav,57,54,40,4,96
S1319,Kunal,43,46,40,3,67
S1320,Sanjay,77,48,50,5,75
S1321,Shikha,65,66,45,8,67
S1322,Pooja,82,63,62,8,60
S1323,Arjun,59,64,46,6,64
S1324,Sanjay,40,40,40,2,62
S1325,Nisha,52,53,40,5,60
S1326,Neha,65,70,40,7,63
S1327,Arjun,82,77,63,8,99
S1328,Karan,57,58,50,4,94
S1329,Amit,54,61,41,5,91
S1330,Meera,73,73,50,6,93
S1331,Gaurav,72,70,54,7,84
S1332,Sneha,40,40,40,2,69
S1333,Neha,40,43,41,2,80
S1334,Deepak,77,75,48,6,98
S1335,Aman,65,62,55,6,86
S1336,Simran,55,53,40,4,86
S1337,Rahul,70,62,64,8,61
S1338,Sneha,40,40,40,2,72
S1339,Vikram,72,67,50,7,68
S1340,Raj,72,66,42,5,95
S1341,Gaurav,72,71,60,7,81
S1342,Deepak,49,40,40,3,85
S1343,Jyoti,42,40,40,3,71
S1344,Shikha,71,49,41,6,76
S1345,Nisha,46,57,47,4,73
S1346,Jyoti,46,40,40,3,73
S1347,Priya,40,52,40,2,93
S1348,Rohan,72,75,55,7,79
S1349,Kavita,70,61,40,7,70
S1350,Vikas,65,55,42,6,75
S1351,Raj,82,81,67,8,90
S1352,Karan,76,65,57,8,65
S1353,Nisha,66,57,52,5,78
S1354,Pooja,75,66,56,6,96
S1355,Jyoti,58,41,40,5,63
S1356,Shikha,72,56,50,8,63
S1357,Vikram,61,65,50,6,79
S1358,Neha,67,56,40,6,69
S1359,Deepak,71,61,62,6,83
S1360,Shikha,91,85,66,8,94
S1361,Simran,57,66,54,5,85
S1362,Priya,62,61,40,5,96
S1363,Rahul,62,67,62,6,97
S1364,Deepak,43,49,50,3,80
S1365,Karan,62,50,40,4,99
S1366,Kunal,83,83,69,8,98
S1367,Kavita,55,55,40,4,80
S1368,Aman,47,52,40,4,69
S1369,Kunal,65,52,52,5,97
S1370,Divya,48,47,46,5,63
S1371,Rohan,45,40,40,3,79
S1372,Amit,40,51,47,4,76
S1373,Priya,46,49,40,4,66
S1374,Nikhil,52,67,40,6,63
S1375,Priya,67,57,47,5,88
S1376,Swati,53,46,40,4,73
S1377,Jyoti,69,70,45,7,62
S1378,Pooja,53,48,41,3,83
S1379,Kunal,73,83,62,7,96
S1380,Raj,80,69,59,7,75
S1381,Simran,79,63,54,8,63
S1382,Deepak,79,69,64,8,83
S1383,Nisha,54,41,40,3,93
S1384,Vikram,70,77,71,7,89
S1385,Vikram,46,58,40,4,77
S1386,Kiran,55,68,59,5,78
S1387,Deepak,45,54,40,3,90
S1388,Amit,60,70,40,6,78
S1389,Kunal,78,65,64,7,78
S1390,Vikas,44,40,40,3,81
S1391,Jyoti,40,46,40,2,83
S1392,Nikhil,40,40,40,2,71
S1393,Anjali,73,79,64,8,89
S1394,Sanjay,65,66,45,5,97
S1395,Sneha,45,57,49,4,90
S1396,Pooja,63,70,48,5,95
S1397,Aman,51,65,49,5,78
S1398,Pooja,73,66,40,5,95
S1399,Pooja,66,66,50,5,89
S1400,Priya,70,71,48,6,92
S1401,Kavita,71,60,60,6,77
S1402,Pooja,77,82,66,8,87
S1403,Aman,44,40,40,3,70
S1404,Kavita,42,50,40,2,92
S1405,Meera,59,49,40,5,76
S1406,Arjun,81,72,67,8,65
S1407,Vikram,43,40,44,3,63
S1408,Swati,40,42,40,2,79
S1409,Suresh,66,71,67,7,86
S1410,Rahul,45,40,40,4,74
S1411,Gaurav,60,61,40,6,65
S1412,Kunal,71,64,53,7,73
S1413,Vikas,40,41,40,2,70
S1414,Swati,90,76,56,7,98
S1415,Swati,55,50,40,4,68
S1416,Vikram,84,72,63,8,85
S1417,Nikhil,40,40,40,2,75
S1418,Shikha,67,61,54,7,64
S1419,Raj,57,65,53,6,69
S1420,Swati,60,67,46,6,62
S1421,Aman,43,40,41,3,72
S1422,Kavita,69,79,48,7,89
S1423,Priya,56,40,44,5,65
S1424,Sanjay,71,61,45,7,76
S1425,Gaurav,69,69,51,8,78
S1426,Kunal,40,40,40,2,94
S1427,Priya,40,40,40,2,85
S1428,Suresh,84,72,52,8,64
S1429,Divya,78,71,55,7,88
S1430,Gaurav,78,83,69,8,96
S1431,Pooja,54,55,40,4,79
S1432,Deepak,72,77,48,8,80
S1433,Amit,68,64,55,6,69
S1434,Kiran,72,69,50,8,64
S1435,Amit,42,40,40,2,95
S1436,Arjun,68,65,49,6,65
S1437,Deepak,40,40,40,2,85
S1438,Vikram,40,40,40,3,63
S1439,Kavita,61,63,52,5,98
S1440,Rahul,48,40,40,2,98
S1441,Neha,62,66,68,6,94
S1442,Gaurav,40,41,40,3,60
S1443,Aman,40,43,40,2,83
S1444,Sneha,59,51,50,4,95
S1445,Meera,81,67,57,8,65
S1446,Kavita,59,67,50,5,90
S1447,Sneha,40,42,47,2,79
S1448,Nisha,51,59,40,3,83
S1449,Kunal,43,60,40,4,84
S1450,Priya,75,82,59,7,95
S1451,Deepak,45,40,42,3,80
S1452,Sanjay,84,83,51,8,89
S1453,Kiran,43,46,40,3,83
S1454,Shikha,54,51,40,4,89
S1455,Divya,40,47,40,3,81
S1456,Aman,50,60,40,4,87
S1457,Shikha,40,40,40,2,66
S1458,Amit,51,51,40,4,94
S1459,Arjun,54,58,40,4,87
S1460,Vikram,59,51,43,5,73
S1461,Sanjay,46,49,43,4,69
S1462,Divya,51,48,40,4,75
S1463,Kunal,66,66,59,7,75
S1464,Kunal,40,48,40,2,90
S1465,Jyoti,84,71,67,8,84
S1466,Vikas,57,66,51,5,72
S1467,Swati,65,53,66,7,65
S1468,Vikram,63,56,44,6,68
S1469,Simran,46,47,40,2,95
S1470,Kunal,40,43,40,2,79
S1471,Deepak,70,62,49,6,77
S1472,Sneha,78,75,70,8,80
S1473,Karan,49,48,40,4,63
S1474,Arjun,82,72,51,7,92
S1475,Priya,40,56,46,3,86
S1476,Karan,51,58,48,5,66
S1477,Vikas,40,45,40,3,65
S1478,Pooja,60,56,54,6,74
S1479,Shikha,45,40,40,2,77
S1480,Sneha,79,78,73,8,91
S1481,Simran,40,40,40,2,70
S1482,Nisha,59,59,51,5,79
S1483,Sanjay,40,40,49,2,83
S1484,Priya,40,41,40,2,74
S1485,Suresh,56,46,41,5,66
S1486,Priya,71,80,60,7,80
S1487,Amit,74,66,53,7,85
S1488,Sanjay,54,56,59,5,73
S1489,Kiran,77,86,65,8,96
S1490,Deepak,67,60,48,6,80
S1491,Aman,45,44,40,2,77
S1492,Nisha,75,63,63,8,64
S1493,Riya,40,42,40,2,62
S1494,Simran,70,64,47,6,82
S1495,Swati,68,68,60,7,85
S1496,Amit,93,79,53,8,96
S1497,Aman,53,57,42,4,83
S1498,Arjun,59,47,42,4,78
S1499,Aman,49,48,52,4,84
S1500,Vikas,82,68,49,7,80
